{"frameRate":30,"version":"4.5","isGlobal":0,"armature":[{"frameRate":30,"skin":[{"slot":[{"display":[{"type":"image","transform":{"y":10,"x":0.5},"name":"矩形_854","path":"矩形_854"}],"name":"矩形_854"},{"display":[{"type":"image","transform":{"y":0.25,"x":0.25},"name":"12","path":"12"}],"name":"12"},{"display":[{"type":"image","transform":{"y":1,"x":-0.25},"name":"11","path":"11"}],"name":"11"},{"display":[{"type":"image","transform":{"y":1,"x":0.5},"name":"7","path":"7"}],"name":"7"},{"display":[{"type":"image","transform":{"y":-0.7262,"skX":165.5297,"skY":165.5297,"x":-0.1874},"name":"图层_1","path":"图层_1"}],"name":"图层_1"},{"display":[{"type":"image","transform":{"x":0.75},"name":"5","path":"5"}],"name":"5"},{"display":[{"type":"image","transform":{"y":2.53335,"skX":13.2178,"skY":13.2178,"x":0.9458},"name":"图层_2","path":"图层_2"}],"name":"图层_2"},{"display":[{"type":"image","transform":{"y":0.75,"skX":90,"skY":90,"x":-0.75},"name":"真","path":"真"}],"name":"真"},{"display":[{"type":"image","transform":{"y":-0.55845,"skX":90.4787,"skY":90.4787,"x":-6.9956},"name":"14","path":"14"}],"name":"14"},{"display":[{"type":"image","transform":{"y":0.5,"x":1},"name":"8","path":"8"}],"name":"8"},{"display":[{"type":"image","transform":{"y":0.75,"x":0.75},"name":"3","path":"3"}],"name":"3"},{"display":[{"type":"image","transform":{"y":0.5},"name":"2","path":"2"}],"name":"2"},{"display":[{"type":"image","transform":{"y":0.49365,"skX":90.7252,"skY":90.7252,"x":-0.5063},"name":"棒","path":"棒"}],"name":"棒"},{"display":[{"type":"image","transform":{"y":0.25,"x":0.5},"name":"9","path":"9"}],"name":"9"},{"display":[{"type":"image","transform":{"y":0.4898,"skX":90.7742,"skY":90.7742,"x":-0.7567},"name":"椭圆_26_拷贝_5","path":"椭圆_26_拷贝_5"}],"name":"椭圆_26_拷贝_5"},{"display":[{"type":"image","transform":{"y":1.25,"x":1},"name":"4","path":"4"}],"name":"4"},{"display":[{"type":"image","transform":{"y":-2.6653,"skX":90.7742,"skY":90.7742,"x":6.2866},"name":"组_30","path":"组_30"}],"name":"组_30"},{"display":[{"type":"image","transform":{"y":0.75,"x":0.25},"name":"6","path":"6"}],"name":"6"},{"display":[{"type":"image","transform":{"y":1.25},"name":"10","path":"10"}],"name":"10"},{"display":[{"type":"image","transform":{"y":1.48295,"skX":90.7742,"skY":90.7742,"x":-1.27015},"name":"椭圆_26_拷贝_3","path":"椭圆_26_拷贝_3"}],"name":"椭圆_26_拷贝_3"},{"display":[{"type":"image","transform":{"y":-1.2142,"skX":90.5846,"skY":90.5846,"x":3.51255},"name":"你","path":"你"}],"name":"你"},{"display":[{"type":"image","transform":{"y":0.48305,"skX":90.7742,"skY":90.7742,"x":-1.25665},"name":"椭圆_26_拷贝_4","path":"椭圆_26_拷贝_4"}],"name":"椭圆_26_拷贝_4"},{"display":[{"type":"image","transform":{"x":0.25},"name":"1","path":"1"}],"name":"1"},{"display":[{"type":"image","transform":{"y":0.2458,"skX":90.4787,"skY":90.4787,"x":-0.50205},"name":"13","path":"13"}],"name":"13"}],"name":""}],"defaultActions":[{"gotoAndPlay":"newAnimation"}],"ik":[],"aabb":{"x":-310,"y":-300.5,"width":618,"height":614.5},"slot":[{"name":"14","parent":"14","color":{}},{"z":1,"name":"13","parent":"13","color":{}},{"z":2,"name":"12","parent":"12","color":{}},{"z":3,"name":"11","parent":"11","color":{}},{"z":4,"name":"10","parent":"10","color":{}},{"z":5,"name":"9","parent":"9","color":{}},{"z":6,"name":"8","parent":"8","color":{}},{"z":7,"name":"7","parent":"7","color":{}},{"z":8,"name":"6","parent":"6","color":{}},{"z":9,"name":"5","parent":"5","color":{}},{"z":10,"name":"4","parent":"4","color":{}},{"z":11,"name":"3","parent":"3","color":{}},{"z":12,"name":"2","parent":"2","color":{}},{"z":13,"name":"1","parent":"1","color":{}},{"z":14,"name":"组_30","parent":"组_30","color":{}},{"z":15,"name":"图层_1","parent":"图层_1","color":{}},{"z":16,"name":"图层_2","parent":"图层_2","color":{}},{"z":17,"name":"椭圆_26_拷贝_3","parent":"椭圆_26_拷贝_3","color":{}},{"z":18,"name":"椭圆_26_拷贝_5","parent":"椭圆_26_拷贝_5","color":{}},{"z":19,"name":"椭圆_26_拷贝_4","parent":"椭圆_26_拷贝_4","color":{}},{"z":20,"name":"矩形_854","parent":"矩形_854","color":{}},{"z":21,"name":"棒","parent":"棒","color":{}},{"z":22,"name":"真","parent":"真","color":{}},{"z":23,"name":"你","parent":"你","color":{}}],"type":"Armature","bone":[{"transform":{},"name":"root"},{"length":72,"parent":"root","transform":{"y":-18.25,"skX":-13.2178,"skY":-13.2178,"x":68.25},"name":"图层_2"},{"length":72,"parent":"root","transform":{"y":-16.75,"skX":-165.5297,"skY":-165.5297,"x":-58.75},"name":"图层_1"},{"length":111,"parent":"root","transform":{"y":-0.75,"skX":-90.7742,"skY":-90.7742,"x":-0.5},"name":"组_30"},{"transform":{"y":-11.75,"skX":-90.7742,"skY":-90.7742,"x":-85.25},"name":"椭圆_26_拷贝_3","parent":"root"},{"transform":{"y":-84.25,"skX":-90.7742,"skY":-90.7742,"x":63.75},"name":"椭圆_26_拷贝_5","parent":"root"},{"transform":{"y":47.75,"skX":-90.7742,"skY":-90.7742,"x":20.75},"name":"椭圆_26_拷贝_4","parent":"root"},{"length":24.5,"parent":"root","transform":{"y":112.25,"skX":-90.5846,"skY":-90.5846,"x":-57.25},"name":"你"},{"length":20.5,"parent":"root","transform":{"y":107.5,"skX":-90,"skY":-90},"name":"真"},{"length":19.5,"parent":"root","transform":{"y":108,"skX":-90.7252,"skY":-90.7252,"x":58.5},"name":"棒"},{"length":111.5,"parent":"root","transform":{"y":107.75,"x":-0.5},"name":"矩形_854"},{"transform":{"y":24.5,"skX":-90.4787,"skY":-90.4787,"x":98.75},"name":"13","parent":"root"},{"length":250,"parent":"root","transform":{"y":-0.25,"skX":-90.4787,"skY":-90.4787,"x":-0.5},"name":"14"},{"transform":{"y":83.25,"x":184.75},"name":"12","parent":"root"},{"transform":{"y":24.75,"x":98.75},"name":"1","parent":"root"},{"transform":{"y":3.25,"x":143.75},"name":"11","parent":"root"},{"transform":{"y":-56.25,"x":170.75},"name":"10","parent":"root"},{"transform":{"y":-62,"x":112.75},"name":"9","parent":"root"},{"transform":{"y":-69.25,"x":-133.75},"name":"8","parent":"root"},{"transform":{"y":-1.75,"x":-110.5},"name":"2","parent":"root"},{"transform":{"y":-14.5,"x":-140.5},"name":"7","parent":"root"},{"transform":{"y":9,"x":-116},"name":"3","parent":"root"},{"transform":{"y":-11,"x":-174.25},"name":"6","parent":"root"},{"transform":{"y":47.5,"x":-119.25},"name":"4","parent":"root"},{"transform":{"y":69.25,"x":-205.75},"name":"5","parent":"root"}],"name":"armatureName","animation":[{"slot":[],"ffd":[],"duration":120,"frame":[],"name":"newAnimation","playTimes":0,"bone":[{"frame":[{"duration":120,"transform":{}}],"name":"root"},{"frame":[{"duration":15,"tweenEasing":0,"transform":{"scX":0.01,"scY":0.01}},{"duration":10,"tweenEasing":0,"transform":{"scX":0.01,"scY":0.01}},{"duration":5,"tweenEasing":0,"transform":{"scX":1.2,"scY":1.2}},{"duration":5,"tweenEasing":0,"transform":{"scX":0.8,"scY":0.8}},{"duration":5,"tweenEasing":0,"transform":{}},{"duration":5,"tweenEasing":0,"transform":{"scX":0.9,"scY":0.9}},{"duration":75,"transform":{}}],"name":"图层_2"},{"frame":[{"duration":10,"tweenEasing":0,"transform":{"scX":0.01,"scY":0.01}},{"duration":10,"tweenEasing":0,"transform":{"scX":0.01,"scY":0.01}},{"duration":5,"tweenEasing":0,"transform":{"scX":1.2,"scY":1.2}},{"duration":5,"tweenEasing":0,"transform":{"scX":0.8,"scY":0.8}},{"duration":5,"tweenEasing":0,"transform":{}},{"duration":5,"tweenEasing":0,"transform":{"scX":0.9,"scY":0.9}},{"duration":80,"transform":{}}],"name":"图层_1"},{"frame":[{"duration":5,"tweenEasing":0,"transform":{"scX":0.01,"scY":0.01}},{"duration":10,"tweenEasing":0,"transform":{"scX":0.01,"scY":0.01}},{"duration":5,"tweenEasing":0,"transform":{"scX":1.2,"scY":1.2}},{"duration":5,"tweenEasing":0,"transform":{"scX":0.8,"scY":0.8}},{"duration":5,"tweenEasing":0,"transform":{}},{"duration":5,"tweenEasing":0,"transform":{"scX":0.9,"scY":0.9}},{"duration":85,"transform":{}}],"name":"组_30"},{"frame":[{"duration":20,"tweenEasing":0,"transform":{"scX":0.01,"scY":0.01}},{"duration":10,"tweenEasing":0,"transform":{"scX":0.01,"scY":0.01}},{"duration":10,"tweenEasing":0,"transform":{}},{"duration":10,"tweenEasing":0,"transform":{"scX":0.01,"scY":0.01}},{"duration":10,"tweenEasing":0,"transform":{}},{"duration":10,"tweenEasing":0,"transform":{"scX":0.01,"scY":0.01}},{"duration":10,"tweenEasing":0,"transform":{}},{"duration":10,"tweenEasing":0,"transform":{"scX":0.01,"scY":0.01}},{"duration":10,"tweenEasing":0,"transform":{}},{"duration":10,"tweenEasing":0,"transform":{"scX":0.01,"scY":0.01}},{"duration":10,"tweenEasing":0,"transform":{}},{"duration":0,"transform":{"scX":0.01,"scY":0.01}}],"name":"椭圆_26_拷贝_3"},{"frame":[{"duration":20,"tweenEasing":0,"transform":{"scX":0.01,"scY":0.01}},{"duration":10,"tweenEasing":0,"transform":{"scX":0.01,"scY":0.01}},{"duration":10,"tweenEasing":0,"transform":{}},{"duration":10,"tweenEasing":0,"transform":{"scX":0.01,"scY":0.01}},{"duration":10,"tweenEasing":0,"transform":{}},{"duration":10,"tweenEasing":0,"transform":{"scX":0.01,"scY":0.01}},{"duration":10,"tweenEasing":0,"transform":{}},{"duration":10,"tweenEasing":0,"transform":{"scX":0.01,"scY":0.01}},{"duration":10,"tweenEasing":0,"transform":{}},{"duration":10,"tweenEasing":0,"transform":{"scX":0.01,"scY":0.01}},{"duration":10,"tweenEasing":0,"transform":{}},{"duration":0,"transform":{"scX":0.01,"scY":0.01}}],"name":"椭圆_26_拷贝_5"},{"frame":[{"duration":20,"tweenEasing":0,"transform":{"scX":0.01,"scY":0.01}},{"duration":10,"tweenEasing":0,"transform":{"scX":0.01,"scY":0.01}},{"duration":10,"tweenEasing":0,"transform":{}},{"duration":10,"tweenEasing":0,"transform":{"scX":0.01,"scY":0.01}},{"duration":10,"tweenEasing":0,"transform":{}},{"duration":10,"tweenEasing":0,"transform":{"scX":0.01,"scY":0.01}},{"duration":10,"tweenEasing":0,"transform":{}},{"duration":10,"tweenEasing":0,"transform":{"scX":0.01,"scY":0.01}},{"duration":10,"tweenEasing":0,"transform":{}},{"duration":10,"tweenEasing":0,"transform":{"scX":0.01,"scY":0.01}},{"duration":10,"tweenEasing":0,"transform":{}},{"duration":0,"transform":{"scX":0.01,"scY":0.01}}],"name":"椭圆_26_拷贝_4"},{"frame":[{"duration":20,"tweenEasing":0,"transform":{"scX":0.01,"scY":0.01}},{"duration":9,"tweenEasing":0,"transform":{"scX":0.01,"scY":0.01}},{"duration":5,"tweenEasing":0,"transform":{"scX":1.2,"scY":1.2}},{"duration":5,"tweenEasing":0,"transform":{"scX":0.8,"scY":0.8}},{"duration":4,"tweenEasing":0,"transform":{}},{"duration":5,"tweenEasing":0,"transform":{"scX":0.9,"scY":0.9}},{"duration":72,"transform":{}}],"name":"你"},{"frame":[{"duration":24,"tweenEasing":0,"transform":{"scX":0.01,"scY":0.01}},{"duration":10,"tweenEasing":0,"transform":{"scX":0.01,"scY":0.01}},{"duration":5,"tweenEasing":0,"transform":{"scX":1.2,"scY":1.2}},{"duration":4,"tweenEasing":0,"transform":{"scX":0.8,"scY":0.8}},{"duration":5,"tweenEasing":0,"transform":{}},{"duration":5,"tweenEasing":0,"transform":{"scX":0.9,"scY":0.9}},{"duration":67,"transform":{}}],"name":"真"},{"frame":[{"duration":29,"tweenEasing":0,"transform":{"scX":0.01,"scY":0.01}},{"duration":10,"tweenEasing":0,"transform":{"scX":0.01,"scY":0.01}},{"duration":4,"tweenEasing":0,"transform":{"scX":1.2,"scY":1.2}},{"duration":5,"tweenEasing":0,"transform":{"scX":0.8,"scY":0.8}},{"duration":5,"tweenEasing":0,"transform":{}},{"duration":4,"tweenEasing":0,"transform":{"scX":0.9,"scY":0.9}},{"duration":63,"transform":{}}],"name":"棒"},{"frame":[{"duration":10,"tweenEasing":0,"transform":{"scX":0.01,"scY":0.01}},{"duration":10,"tweenEasing":0,"transform":{"scX":0.01,"scY":0.01}},{"duration":5,"tweenEasing":0,"transform":{"scX":1.2,"scY":1.2}},{"duration":5,"tweenEasing":0,"transform":{"scX":0.8,"scY":0.8}},{"duration":5,"tweenEasing":0,"transform":{}},{"duration":5,"tweenEasing":0,"transform":{"scX":0.9,"scY":0.9}},{"duration":80,"transform":{}}],"name":"矩形_854"},{"frame":[{"duration":10,"tweenEasing":0,"transform":{"scX":0.01,"scY":0.01,"skX":90.4787,"skY":90.4787}},{"duration":5,"tweenEasing":0,"transform":{"scX":1.2,"scY":1.2,"skX":105.4787,"skY":105.4787}},{"duration":5,"tweenEasing":0,"transform":{"scX":0.8,"scY":0.8,"skX":112.9787,"skY":112.9787}},{"duration":5,"tweenEasing":0,"transform":{"skX":120.4787,"skY":120.4787}},{"duration":5,"tweenEasing":0,"transform":{"scX":0.9,"scY":0.9,"skX":127.9787,"skY":127.9787}},{"duration":90,"transform":{"skX":135.4787,"skY":135.4787}},{"duration":0,"transform":{"skX":270.4787,"skY":270.4787}}],"name":"14"},{"frame":[{"duration":5,"tweenEasing":0,"transform":{"scX":0.01,"scY":0.01}},{"duration":58,"tweenEasing":0,"transform":{"scX":0.01,"y":-24.5,"scY":0.01,"x":-98.75}},{"duration":57,"tweenEasing":0,"transform":{"y":-1.494,"x":-23.6749}},{"duration":0,"transform":{"scX":0.01,"y":21.1154,"scY":0.01,"x":50.10575}}],"name":"13"},{"frame":[{"duration":5,"tweenEasing":0,"transform":{"scX":0.01,"scY":0.01}},{"duration":58,"tweenEasing":0,"transform":{"scX":0.01,"y":-83.25,"scY":0.01,"x":-184.75}},{"duration":57,"tweenEasing":0,"transform":{"y":-41.26305,"x":-91.57175}},{"duration":0,"transform":{"scX":0.01,"scY":0.01}}],"name":"12"},{"frame":[{"duration":5,"tweenEasing":0,"transform":{"scX":0.01,"scY":0.01}},{"duration":58,"tweenEasing":0,"transform":{"scX":0.01,"y":-24.75,"scY":0.01,"x":-98.75}},{"duration":57,"tweenEasing":0,"transform":{"y":14.53095,"x":-31.5311}},{"duration":0,"transform":{"scX":0.01,"y":53.1346,"scY":0.01,"x":34.52885}}],"name":"1"},{"frame":[{"duration":5,"tweenEasing":0,"transform":{"scX":0.01,"scY":0.01}},{"duration":58,"tweenEasing":0,"transform":{"scX":0.01,"y":-3.25,"scY":0.01,"x":-143.75}},{"duration":57,"tweenEasing":0,"transform":{"y":20.3428,"x":-36.37725}},{"duration":0,"transform":{"scX":0.01,"y":43.52885,"scY":0.01,"x":69.14425}}],"name":"11"},{"frame":[{"duration":5,"tweenEasing":0,"transform":{"scX":0.01,"scY":0.01}},{"duration":58,"tweenEasing":0,"transform":{"scX":0.01,"y":56.25,"scY":0.01,"x":-170.75}},{"duration":57,"tweenEasing":0,"transform":{"y":18.1475,"x":-59.1582}},{"duration":0,"transform":{"scX":0.01,"y":-19.2981,"scY":0.01,"x":50.5096}}],"name":"10"},{"frame":[{"duration":5,"tweenEasing":0,"transform":{"scX":0.01,"scY":0.01}},{"duration":58,"tweenEasing":0,"transform":{"scX":0.01,"y":62,"scY":0.01,"x":-112.75}},{"duration":57,"tweenEasing":0,"transform":{"y":30.73045,"x":-55.8848}},{"duration":0,"transform":{"scX":0.01,"scY":0.01}}],"name":"9"},{"frame":[{"duration":5,"tweenEasing":0,"transform":{"scX":0.01,"scY":0.01}},{"duration":58,"tweenEasing":0,"transform":{"scX":0.01,"y":69.25,"scY":0.01,"x":133.75}},{"duration":57,"tweenEasing":0,"transform":{"y":13.3848,"x":46.5504}},{"duration":0,"transform":{"scX":0.01,"y":-41.5172,"scY":0.01,"x":-39.14575}}],"name":"8"},{"frame":[{"duration":5,"tweenEasing":0,"transform":{"scX":0.01,"scY":0.01}},{"duration":58,"tweenEasing":0,"transform":{"scX":0.01,"y":1.75,"scY":0.01,"x":110.5}},{"duration":57,"tweenEasing":0,"transform":{"y":28.27195,"x":21.74885}},{"duration":0,"transform":{"scX":0.01,"y":54.33665,"scY":0.01,"x":-65.47205}}],"name":"2"},{"frame":[{"duration":5,"tweenEasing":0,"transform":{"scX":0.01,"scY":0.01}},{"duration":58,"tweenEasing":0,"transform":{"scX":0.01,"y":14.5,"scY":0.01,"x":140.5}},{"duration":57,"tweenEasing":0,"transform":{"y":7.18695,"x":13.26995}},{"duration":0,"transform":{"scX":0.01,"scY":0.01,"x":-111.7665}}],"name":"7"},{"frame":[{"duration":5,"tweenEasing":0,"transform":{"scX":0.01,"scY":0.01}},{"duration":58,"tweenEasing":0,"transform":{"scX":0.01,"y":-9,"scY":0.01,"x":116}},{"duration":57,"tweenEasing":0,"transform":{"y":17.5577,"x":276.64625}},{"duration":0,"transform":{"scX":0.01,"y":43.6575,"scY":0.01,"x":434.52275}}],"name":"3"},{"frame":[{"duration":5,"tweenEasing":0,"transform":{"scX":0.01,"scY":0.01}},{"duration":58,"tweenEasing":0,"transform":{"scX":0.01,"y":11,"scY":0.01,"x":174.25}},{"duration":57,"tweenEasing":0,"transform":{"y":13.7865,"x":67.45435}},{"duration":0,"transform":{"scX":0.01,"y":16.525,"scY":0.01,"x":-37.5}}],"name":"6"},{"frame":[{"duration":5,"tweenEasing":0,"transform":{"scX":0.01,"scY":0.01}},{"duration":58,"tweenEasing":0,"transform":{"scX":0.01,"y":-47.5,"scY":0.01,"skX":0.057,"skY":0.057,"x":119.25}},{"duration":57,"tweenEasing":0,"transform":{"y":8.38175,"skX":0.057,"skY":0.057,"x":49.14565}},{"duration":0,"transform":{"scX":0.01,"y":63.3,"scY":0.01,"skX":0.057,"skY":0.057,"x":-19.75}}],"name":"4"},{"frame":[{"duration":5,"tweenEasing":0,"transform":{"scX":0.01,"scY":0.01}},{"duration":58,"tweenEasing":0,"transform":{"scX":0.01,"y":-69.25,"scY":0.01,"x":205.75}},{"duration":57,"tweenEasing":0,"transform":{"y":-34.3239,"x":101.98045}},{"duration":0,"transform":{"scX":0.01,"scY":0.01}}],"name":"5"}]}]}],"name":"sankexing2"}