{"height":1024,"imagePath":"sankexing2_tex.png","name":"sankexing2","SubTexture":[{"x":1,"y":1,"width":618,"name":"14","height":615},{"x":410,"y":618,"width":14,"name":"13","height":15},{"x":680,"y":119,"width":14,"name":"12","height":14},{"x":926,"y":60,"width":15,"name":"11","height":15},{"x":649,"y":161,"width":15,"name":"10","height":14},{"x":680,"y":102,"width":15,"name":"9","height":15},{"x":1,"y":998,"width":15,"name":"8","height":15},{"x":621,"y":190,"width":15,"name":"7","height":14},{"x":260,"y":773,"width":15,"name":"6","height":15},{"x":225,"y":809,"width":15,"name":"5","height":15},{"x":157,"y":902,"width":15,"name":"4","height":15},{"x":985,"y":1,"width":15,"name":"3","height":15},{"x":18,"y":998,"width":14,"name":"2","height":15},{"x":381,"y":648,"width":14,"name":"1","height":16},{"x":1,"y":618,"width":222,"name":"组_30","height":223},{"x":225,"y":618,"width":154,"name":"图层_1","height":153},{"x":1,"y":843,"width":154,"name":"图层_2","height":153},{"x":225,"y":773,"width":33,"name":"椭圆_26_拷贝_3","height":34},{"x":381,"y":618,"width":27,"name":"椭圆_26_拷贝_5","height":28},{"x":621,"y":161,"width":26,"name":"椭圆_26_拷贝_4","height":27},{"x":621,"y":1,"width":303,"name":"矩形_854","height":99},{"x":926,"y":1,"width":57,"name":"棒","height":57},{"x":157,"y":843,"width":57,"name":"真","height":57},{"x":621,"y":102,"width":57,"name":"你","height":57}],"width":1024}