{"frameRate":24,"version":"4.5","isGlobal":0,"armature":[{"frameRate":24,"skin":[{"slot":[{"display":[{"type":"image","transform":{"y":0.25},"name":"4","path":"4"}],"name":"4"},{"display":[{"type":"image","transform":{"x":1},"name":"2","path":"2"}],"name":"2"},{"display":[{"type":"image","transform":{"y":0.35355,"skX":45,"skY":45,"x":-0.7071},"name":"椭圆_26_拷贝_5","path":"椭圆_26_拷贝_5"}],"name":"椭圆_26_拷贝_5"},{"display":[{"type":"image","transform":{"y":0.24385,"skX":90.047,"skY":90.047,"x":-7.5002},"name":"14","path":"14"}],"name":"14"},{"display":[{"type":"image","transform":{"y":1.47545,"skX":92.6324,"skY":92.6324,"x":-0.56835},"name":"赞","path":"赞"}],"name":"赞"},{"display":[{"type":"image","transform":{"y":0.925,"x":-0.475},"name":"13","path":"13"}],"name":"13"},{"display":[{"type":"image","transform":{"y":0.6},"name":"1","path":"1"}],"name":"1"},{"display":[{"type":"image","transform":{"y":0.25,"x":-1.25},"name":"11","path":"11"}],"name":"11"},{"display":[{"type":"image","transform":{"y":0.2632,"skX":90.6052,"skY":90.6052,"x":1.2473},"name":"星","path":"星"}],"name":"星"},{"display":[{"type":"image","transform":{"y":1,"x":-0.25},"name":"9","path":"9"}],"name":"9"},{"display":[{"type":"image","transform":{"y":0.6,"x":0.075},"name":"7","path":"7"}],"name":"7"},{"display":[{"type":"image","transform":{"y":-0.25},"name":"5","path":"5"}],"name":"5"},{"display":[{"type":"image","transform":{"y":-14.25,"x":-2},"name":"圆","path":"圆"}],"name":"圆"},{"display":[{"type":"image","transform":{"y":-0.8221,"skX":139.7636,"skY":139.7636,"x":-1.3506},"name":"椭圆_26_拷贝_3","path":"椭圆_26_拷贝_3"}],"name":"椭圆_26_拷贝_3"},{"display":[{"type":"image","transform":{"y":10.74675,"skX":-0.2412,"skY":-0.2412,"x":0.79525},"name":"图层_3","path":"图层_3"}],"name":"图层_3"},{"display":[{"type":"image","transform":{"y":-0.75,"x":0.75},"name":"12","path":"12"}],"name":"12"},{"display":[{"type":"image","transform":{"y":-1.05,"x":0.225},"name":"3","path":"3"}],"name":"3"},{"display":[{"type":"image","transform":{"y":-0.25,"x":-0.75},"name":"10","path":"10"}],"name":"10"},{"display":[{"type":"image","transform":{"y":0.225,"x":0.225},"name":"8","path":"8"}],"name":"8"},{"display":[{"type":"image","transform":{"y":1,"x":1},"name":"6","path":"6"}],"name":"6"}],"name":""}],"defaultActions":[{"gotoAndPlay":"newAnimation"}],"ik":[],"aabb":{"x":-310,"y":-300.5,"width":618,"height":614.5},"slot":[{"name":"14","parent":"14","color":{}},{"z":1,"name":"13","parent":"13","color":{}},{"z":2,"name":"12","parent":"12","color":{}},{"z":3,"name":"11","parent":"11","color":{}},{"z":4,"name":"10","parent":"10","color":{}},{"z":5,"name":"9","parent":"9","color":{}},{"z":6,"name":"8","parent":"8","color":{}},{"z":7,"name":"7","parent":"7","color":{}},{"z":8,"name":"6","parent":"6","color":{}},{"z":9,"name":"5","parent":"5","color":{}},{"z":10,"name":"4","parent":"4","color":{}},{"z":11,"name":"3","parent":"3","color":{}},{"z":12,"name":"2","parent":"2","color":{}},{"z":13,"name":"1","parent":"1","color":{}},{"z":14,"name":"圆","parent":"root","color":{}},{"z":15,"name":"星","parent":"星","color":{}},{"z":16,"name":"椭圆_26_拷贝_3","parent":"椭圆_26_拷贝_3","color":{}},{"z":17,"name":"椭圆_26_拷贝_5","parent":"椭圆_26_拷贝_5","color":{}},{"z":18,"name":"图层_3","parent":"图层_3","color":{}},{"z":19,"name":"赞","parent":"赞","color":{}}],"type":"Armature","bone":[{"transform":{},"name":"root"},{"length":71,"parent":"root","transform":{"y":-22,"skX":-90.6052,"skY":-90.6052,"x":-3.5},"name":"星"},{"transform":{"y":-112.25,"x":-137.75},"name":"8","parent":"root"},{"transform":{"y":-111.5,"x":114.75},"name":"9","parent":"root"},{"transform":{"y":-56.75,"x":198.25},"name":"10","parent":"root"},{"transform":{"y":11,"x":177.75},"name":"11","parent":"root"},{"transform":{"y":91.75,"x":213.25},"name":"12","parent":"root"},{"transform":{"y":68.25,"x":137.75},"name":"1","parent":"root"},{"transform":{"y":120.75,"x":103},"name":"13","parent":"root"},{"transform":{"y":115.5,"x":-108.25},"name":"4","parent":"root"},{"transform":{"y":91.75,"x":-166},"name":"3","parent":"root"},{"transform":{"y":79.25,"x":-222.75},"name":"5","parent":"root"},{"transform":{"y":-20.25,"x":-177.5},"name":"2","parent":"root"},{"transform":{"y":-7.5,"x":-254},"name":"6","parent":"root"},{"transform":{"y":-79.75,"x":-183.25},"name":"7","parent":"root"},{"length":250,"parent":"root","transform":{"y":-0.75,"skX":-90.047,"skY":-90.047,"x":-1.25},"name":"14"},{"length":118.5,"parent":"root","transform":{"y":99.75,"skX":0.2412,"skY":0.2412,"x":-0.75},"name":"图层_3"},{"length":21.5,"parent":"root","transform":{"y":100.5,"skX":-92.6324,"skY":-92.6324,"x":-1},"name":"赞"},{"length":9.5,"parent":"root","transform":{"y":-91.5,"skX":-45,"skY":-45,"x":65},"name":"椭圆_26_拷贝_5"},{"length":12.5,"parent":"root","transform":{"y":-19.5,"skX":-139.7636,"skY":-139.7636,"x":-83.5},"name":"椭圆_26_拷贝_3"}],"name":"armatureName","animation":[{"slot":[],"ffd":[],"duration":120,"frame":[],"name":"newAnimation","playTimes":0,"bone":[{"frame":[{"duration":5,"tweenEasing":0,"transform":{"scX":0.01,"scY":0.01}},{"duration":10,"tweenEasing":0,"transform":{"scX":0.01,"scY":0.01}},{"duration":5,"tweenEasing":0,"transform":{"scX":1.2,"scY":1.2}},{"duration":5,"tweenEasing":0,"transform":{"scX":0.8,"scY":0.8}},{"duration":5,"tweenEasing":0,"transform":{}},{"duration":5,"tweenEasing":0,"transform":{"scX":0.9,"scY":0.9}},{"duration":85,"transform":{}}],"name":"root"},{"frame":[{"duration":10,"tweenEasing":0,"transform":{"scX":0.01,"scY":0.01}},{"duration":10,"tweenEasing":0,"transform":{"scX":0.01,"scY":0.01}},{"duration":5,"tweenEasing":0,"transform":{"scX":1.2,"scY":1.2}},{"duration":5,"tweenEasing":0,"transform":{"scX":0.8,"scY":0.8}},{"duration":5,"tweenEasing":0,"transform":{}},{"duration":5,"tweenEasing":0,"transform":{"scX":0.9,"scY":0.9}},{"duration":80,"transform":{}}],"name":"星"},{"frame":[{"duration":20,"tweenEasing":0,"transform":{"scX":0.01,"scY":0.01}},{"duration":10,"tweenEasing":0,"transform":{"scX":0.01,"scY":0.01}},{"duration":10,"tweenEasing":0,"transform":{}},{"duration":10,"tweenEasing":0,"transform":{"scX":0.01,"scY":0.01}},{"duration":10,"tweenEasing":0,"transform":{}},{"duration":10,"tweenEasing":0,"transform":{"scX":0.01,"scY":0.01}},{"duration":10,"tweenEasing":0,"transform":{}},{"duration":10,"tweenEasing":0,"transform":{"scX":0.01,"scY":0.01}},{"duration":10,"tweenEasing":0,"transform":{}},{"duration":10,"tweenEasing":0,"transform":{"scX":0.01,"scY":0.01}},{"duration":10,"tweenEasing":0,"transform":{}},{"duration":0,"transform":{"scX":0.01,"scY":0.01}}],"name":"椭圆_26_拷贝_3"},{"frame":[{"duration":20,"tweenEasing":0,"transform":{"scX":0.01,"scY":0.01}},{"duration":10,"tweenEasing":0,"transform":{"scX":0.01,"scY":0.01}},{"duration":10,"tweenEasing":0,"transform":{}},{"duration":10,"tweenEasing":0,"transform":{"scX":0.01,"scY":0.01}},{"duration":10,"tweenEasing":0,"transform":{}},{"duration":10,"tweenEasing":0,"transform":{"scX":0.01,"scY":0.01}},{"duration":10,"tweenEasing":0,"transform":{}},{"duration":10,"tweenEasing":0,"transform":{"scX":0.01,"scY":0.01}},{"duration":10,"tweenEasing":0,"transform":{}},{"duration":10,"tweenEasing":0,"transform":{"scX":0.01,"scY":0.01}},{"duration":10,"tweenEasing":0,"transform":{}},{"duration":0,"transform":{"scX":0.01,"scY":0.01}}],"name":"椭圆_26_拷贝_5"},{"frame":[{"duration":20,"tweenEasing":0,"transform":{"scX":0.01,"scY":0.01}},{"duration":10,"tweenEasing":0,"transform":{"scX":0.01,"scY":0.01}},{"duration":5,"tweenEasing":0,"transform":{"scX":1.2,"scY":1.2}},{"duration":5,"tweenEasing":0,"transform":{"scX":0.8,"scY":0.8}},{"duration":5,"tweenEasing":0,"transform":{}},{"duration":5,"tweenEasing":0,"transform":{"scX":0.9,"scY":0.9}},{"duration":70,"transform":{}}],"name":"赞"},{"frame":[{"duration":15,"tweenEasing":0,"transform":{"scX":0.01,"scY":0.01}},{"duration":10,"tweenEasing":0,"transform":{"scX":0.01,"scY":0.01}},{"duration":5,"tweenEasing":0,"transform":{"scX":1.2,"scY":1.2}},{"duration":5,"tweenEasing":0,"transform":{"scX":0.8,"scY":0.8}},{"duration":5,"tweenEasing":0,"transform":{}},{"duration":5,"tweenEasing":0,"transform":{"scX":0.9,"scY":0.9}},{"duration":75,"transform":{}}],"name":"图层_3"},{"frame":[{"duration":10,"tweenEasing":0,"transform":{"scX":0.01,"scY":0.01,"skX":90.047,"skY":90.047}},{"duration":5,"tweenEasing":0,"transform":{"scX":1.2,"scY":1.2,"skX":105.047,"skY":105.047}},{"duration":5,"tweenEasing":0,"transform":{"scX":0.8,"scY":0.8,"skX":112.547,"skY":112.547}},{"duration":5,"tweenEasing":0,"transform":{"skX":120.047,"skY":120.047}},{"duration":5,"tweenEasing":0,"transform":{"scX":0.9,"scY":0.9,"skX":127.547,"skY":127.547}},{"duration":90,"transform":{"skX":135.047,"skY":135.047}},{"duration":0,"transform":{"skX":270.047,"skY":270.047}}],"name":"14"},{"frame":[{"duration":60,"tweenEasing":0,"transform":{"scX":0.01,"y":112.25,"scY":0.01,"x":137.75}},{"duration":60,"tweenEasing":0,"transform":{"y":56.125,"x":68.875}},{"duration":0,"transform":{"scX":0.01,"scY":0.01}}],"name":"8"},{"frame":[{"duration":60,"tweenEasing":0,"transform":{"scX":0.01,"y":111.5,"scY":0.01,"x":-114.75}},{"duration":60,"tweenEasing":0,"transform":{"y":55.75,"x":-57.375}},{"duration":0,"transform":{"scX":0.01,"scY":0.01}}],"name":"9"},{"frame":[{"duration":60,"tweenEasing":0,"transform":{"scX":0.01,"y":56.75,"scY":0.01,"x":-198.25}},{"duration":60,"tweenEasing":0,"transform":{"y":28.375,"x":-99.125}},{"duration":0,"transform":{"scX":0.01,"scY":0.01}}],"name":"10"},{"frame":[{"duration":60,"tweenEasing":0,"transform":{"scX":0.01,"y":-11,"scY":0.01,"x":-177.75}},{"duration":60,"tweenEasing":0,"transform":{"y":-5.5,"x":-88.875}},{"duration":0,"transform":{"scX":0.01,"scY":0.01}}],"name":"11"},{"frame":[{"duration":60,"tweenEasing":0,"transform":{"scX":0.01,"y":-91.75,"scY":0.01,"x":-213.25}},{"duration":60,"tweenEasing":0,"transform":{"y":-45.875,"x":-106.625}},{"duration":0,"transform":{"scX":0.01,"scY":0.01}}],"name":"12"},{"frame":[{"duration":60,"tweenEasing":0,"transform":{"scX":0.01,"y":-68.25,"scY":0.01,"x":-137.75}},{"duration":60,"tweenEasing":0,"transform":{"y":-34.125,"x":-68.875}},{"duration":0,"transform":{"scX":0.01,"scY":0.01}}],"name":"1"},{"frame":[{"duration":60,"tweenEasing":0,"transform":{"scX":0.01,"y":-120.75,"scY":0.01,"x":-103}},{"duration":60,"tweenEasing":0,"transform":{"y":-60.375,"x":-51.5}},{"duration":0,"transform":{"scX":0.01,"scY":0.01}}],"name":"13"},{"frame":[{"duration":60,"tweenEasing":0,"transform":{"scX":0.01,"y":-115.5,"scY":0.01,"x":108.25}},{"duration":60,"tweenEasing":0,"transform":{"y":-57.75,"x":54.125}},{"duration":0,"transform":{"scX":0.01,"scY":0.01}}],"name":"4"},{"frame":[{"duration":60,"tweenEasing":0,"transform":{"scX":0.01,"y":-91.75,"scY":0.01,"x":166}},{"duration":60,"tweenEasing":0,"transform":{"y":-45.875,"x":83}},{"duration":0,"transform":{"scX":0.01,"scY":0.01}}],"name":"3"},{"frame":[{"duration":60,"tweenEasing":0,"transform":{"scX":0.01,"y":-79.25,"scY":0.01,"x":222.75}},{"duration":60,"tweenEasing":0,"transform":{"y":-39.625,"x":111.375}},{"duration":0,"transform":{"scX":0.01,"scY":0.01}}],"name":"5"},{"frame":[{"duration":60,"tweenEasing":0,"transform":{"scX":0.01,"y":20.25,"scY":0.01,"x":177.5}},{"duration":60,"tweenEasing":0,"transform":{"y":10.125,"x":88.75}},{"duration":0,"transform":{"scX":0.01,"scY":0.01}}],"name":"2"},{"frame":[{"duration":60,"tweenEasing":0,"transform":{"scX":0.01,"y":7.5,"scY":0.01,"x":254}},{"duration":60,"tweenEasing":0,"transform":{"y":3.75,"x":127}},{"duration":0,"transform":{"scX":0.01,"scY":0.01}}],"name":"6"},{"frame":[{"duration":60,"tweenEasing":0,"transform":{"scX":0.01,"y":79.75,"scY":0.01,"x":183.25}},{"duration":60,"tweenEasing":0,"transform":{"y":39.875,"x":91.625}},{"duration":0,"transform":{"scX":0.01,"scY":0.01}}],"name":"7"}]}]}],"name":"yikexing1"}