{"height":1024,"imagePath":"yikexing1_tex.png","name":"yikexing1","SubTexture":[{"x":1,"y":1,"width":618,"name":"14","height":615},{"x":18,"y":995,"width":14,"name":"13","height":15},{"x":240,"y":674,"width":14,"name":"12","height":14},{"x":894,"y":30,"width":15,"name":"11","height":15},{"x":173,"y":842,"width":15,"name":"10","height":14},{"x":654,"y":100,"width":15,"name":"9","height":15},{"x":621,"y":134,"width":15,"name":"8","height":15},{"x":156,"y":859,"width":15,"name":"7","height":14},{"x":279,"y":618,"width":15,"name":"6","height":15},{"x":223,"y":674,"width":15,"name":"5","height":15},{"x":156,"y":842,"width":15,"name":"4","height":15},{"x":1,"y":995,"width":15,"name":"3","height":15},{"x":223,"y":691,"width":14,"name":"2","height":15},{"x":921,"y":1,"width":14,"name":"1","height":16},{"x":1,"y":618,"width":220,"name":"圆","height":222},{"x":1,"y":842,"width":153,"name":"星","height":151},{"x":621,"y":100,"width":31,"name":"椭圆_26_拷贝_3","height":32},{"x":894,"y":1,"width":25,"name":"椭圆_26_拷贝_5","height":27},{"x":621,"y":1,"width":271,"name":"图层_3","height":97},{"x":223,"y":618,"width":54,"name":"赞","height":54}],"width":1024}