{"prefab_voice_score_01.prefab":"prefab","lv.png":"texture","media.png":"texture","voice.plist":"sprite-atlas","toggle_card.js":"javascript","start2-1.png":"texture","countdown.js":"javascript","start2-2.png":"texture","anim_01.anim":"animation-clip","voice_anim.js":"javascript","voice_bg.png":"texture","show_rewards.js":"javascript","zhezhaocen.png":"texture","sankexing2_ske.json":"dragonbones","sankexing2_tex.json":"dragonbones-atlas","bone.js":"javascript","rewards.mp3":"audio-clip","sankexing1_ske.json":"dragonbones","sankexing1_tex.json":"dragonbones-atlas","yikexing1_ske.json":"dragonbones","yikexing1_tex.json":"dragonbones-atlas","voice.png":"texture","voice_anim.plist":"sprite-atlas","sankexing2_tex.png":"texture","sankexing1_tex.png":"texture","yikexing1_tex.png":"texture","voice_anim.png":"texture"}