{"frameRate":30,"version":"4.5","isGlobal":0,"armature":[{"frameRate":30,"skin":[{"slot":[{"display":[{"type":"image","transform":{"y":-4.6813,"skX":166.9634,"skY":166.9634,"x":-4.49685},"name":"星3","path":"星3"}],"name":"星3"},{"display":[{"type":"image","transform":{"y":0.925,"x":0.35},"name":"9","path":"9"}],"name":"9"},{"display":[{"type":"image","transform":{"y":2.225,"x":1.75},"name":"椭圆_26_拷贝_3","path":"椭圆_26_拷贝_3"}],"name":"椭圆_26_拷贝_3"},{"display":[{"type":"image","transform":{"y":1.025,"x":0.4},"name":"13","path":"13"}],"name":"13"},{"display":[{"type":"image","transform":{"y":2.16505,"skX":-89.6868,"skY":-89.6868,"x":21.0385},"name":"五角星（合并）","path":"五角星（合并）"}],"name":"五角星（合并）"},{"display":[{"type":"image","transform":{"y":2.11085,"skX":89.3538,"skY":89.3538,"x":-0.95125},"name":"hai","path":"hai"}],"name":"hai"},{"display":[{"type":"image","transform":{"y":0.975,"x":0.575},"name":"4","path":"4"}],"name":"4"},{"display":[{"type":"image","transform":{"y":1.675,"x":1.75},"name":"椭圆_26_拷贝_4","path":"椭圆_26_拷贝_4"}],"name":"椭圆_26_拷贝_4"},{"display":[{"type":"image","transform":{"y":-3.23215,"skX":88.6605,"skY":88.6605,"x":-0.8008},"name":"le","path":"le"}],"name":"le"},{"display":[{"type":"image","transform":{"y":0.45,"x":1.825},"name":"1","path":"1"}],"name":"1"},{"display":[{"type":"image","transform":{"y":0.925,"x":0.55},"name":"7","path":"7"}],"name":"7"},{"display":[{"type":"image","transform":{"y":0.075,"x":0.325},"name":"3","path":"3"}],"name":"3"},{"display":[{"type":"image","transform":{"y":-3.37325,"skX":91.3694,"skY":91.3694,"x":2.20625},"name":"ni","path":"ni"}],"name":"ni"},{"display":[{"type":"image","transform":{"y":-0.96515,"skX":-89.6868,"skY":-89.6868,"x":1.8053},"name":"椭圆_26_拷贝_5","path":"椭圆_26_拷贝_5"}],"name":"椭圆_26_拷贝_5"},{"display":[{"type":"image","transform":{"y":0.3,"x":0.35},"name":"6","path":"6"}],"name":"6"},{"display":[{"type":"image","transform":{"y":0.325,"x":0.6},"name":"12","path":"12"}],"name":"12"},{"display":[{"type":"image","transform":{"y":11.1636,"skX":-0.2381,"skY":-0.2381,"x":-3.25365},"name":"矩形_854","path":"矩形_854"}],"name":"矩形_854"},{"display":[{"type":"image","transform":{"y":0.625,"x":0.6},"name":"10","path":"10"}],"name":"10"},{"display":[{"type":"image","transform":{"y":0.6,"x":1.425},"name":"5","path":"5"}],"name":"5"},{"display":[{"type":"image","transform":{"y":0.4905,"skX":89.6136,"skY":89.6136,"x":-2.29675},"name":"星1","path":"星1"}],"name":"星1"},{"display":[{"type":"image","transform":{"y":2.4377,"skX":15.3272,"skY":15.3272,"x":-2.1716},"name":"星2","path":"星2"}],"name":"星2"},{"display":[{"type":"image","transform":{"y":0.775,"x":0.05},"name":"8","path":"8"}],"name":"8"},{"display":[{"type":"image","transform":{"y":-0.4134,"skX":91.5028,"skY":91.5028,"x":-3.3653},"name":"lihai","path":"lihai"}],"name":"lihai"},{"display":[{"type":"image","transform":{"y":0.625,"x":0.075},"name":"11","path":"11"}],"name":"11"},{"display":[{"type":"image","transform":{"y":0.725,"skX":90,"skY":90,"x":-1.35},"name":"tai","path":"tai"}],"name":"tai"},{"display":[{"type":"image","transform":{"y":-0.375,"x":-0.5},"name":"2","path":"2"}],"name":"2"},{"display":[{"type":"image","transform":{"y":-0.9963,"skX":89.9623,"skY":89.9623,"x":-5.62565},"name":"14","path":"14"}],"name":"14"}],"name":""}],"defaultActions":[{"gotoAndPlay":"newAnimation"}],"ik":[],"aabb":{"x":-310,"y":-300.5,"width":618,"height":614.5},"slot":[{"name":"14","parent":"141","color":{}},{"z":1,"name":"13","parent":"13","color":{}},{"z":2,"name":"12","parent":"12","color":{}},{"z":3,"name":"11","parent":"11","color":{}},{"z":4,"name":"10","parent":"10","color":{}},{"z":5,"name":"9","parent":"9","color":{}},{"z":6,"name":"8","parent":"8","color":{}},{"z":7,"name":"7","parent":"7","color":{}},{"z":8,"name":"6","parent":"6","color":{}},{"z":9,"name":"5","parent":"5","color":{}},{"z":10,"name":"4","parent":"4","color":{}},{"z":11,"name":"3","parent":"3","color":{}},{"z":12,"name":"2","parent":"2","color":{}},{"z":13,"name":"1","parent":"1","color":{}},{"z":14,"name":"五角星（合并）","parent":"五角星（合并）","color":{}},{"z":15,"name":"星3","parent":"星3","color":{}},{"z":16,"name":"星2","parent":"星2","color":{}},{"z":17,"name":"星1","parent":"星1","color":{}},{"z":18,"name":"椭圆_26_拷贝_3","parent":"椭圆_26_拷贝_3","color":{}},{"z":19,"name":"椭圆_26_拷贝_5","parent":"椭圆_26_拷贝_5","color":{}},{"z":20,"name":"椭圆_26_拷贝_4","parent":"椭圆_26_拷贝_4","color":{}},{"z":21,"name":"矩形_854","parent":"矩形_854","color":{}},{"z":22,"name":"le","parent":"le","color":{}},{"z":23,"name":"hai","parent":"hai","color":{}},{"z":24,"name":"lihai","parent":"lihai","color":{}},{"z":25,"name":"tai","parent":"tai","color":{}},{"z":26,"name":"ni","parent":"ni","color":{}}],"type":"Armature","bone":[{"transform":{},"name":"root"},{"length":63.5,"parent":"root","transform":{"y":20.175,"skX":-166.9634,"skY":-166.9634,"x":-73.825},"name":"星3"},{"length":66.5,"parent":"root","transform":{"y":-70.3,"skX":-89.6136,"skY":-89.6136,"x":-0.225},"name":"星1"},{"length":66,"parent":"root","transform":{"y":22.825,"skX":-15.3272,"skY":-15.3272,"x":74.95},"name":"星2"},{"length":123,"parent":"root","transform":{"y":0.45,"skX":89.6868,"skY":89.6868,"x":-0.45},"name":"五角星（合并）"},{"transform":{"y":-42.8,"skX":89.6868,"skY":89.6868,"x":66.525},"name":"椭圆_26_拷贝_5","parent":"root"},{"transform":{"y":-100.675,"x":-23.5},"name":"椭圆_26_拷贝_4","parent":"root"},{"transform":{"y":3.775,"x":-82.25},"name":"椭圆_26_拷贝_3","parent":"root"},{"length":18.5,"parent":"root","transform":{"y":122.375,"skX":-91.3694,"skY":-91.3694,"x":-111.075},"name":"ni"},{"length":19.5,"parent":"root","transform":{"y":118.4,"skX":-90,"skY":-90,"x":-58.975},"name":"tai"},{"length":16,"parent":"root","transform":{"y":116.625,"skX":-91.5028,"skY":-91.5028,"x":-0.675},"name":"lihai"},{"length":19.5,"parent":"root","transform":{"y":119.275,"skX":-89.3538,"skY":-89.3538,"x":53.65},"name":"hai"},{"length":138,"parent":"root","transform":{"y":118.1,"skX":0.2381,"skY":0.2381,"x":-0.95},"name":"矩形_854"},{"transform":{"y":-201.55,"skX":-88.6605,"skY":-88.6605,"x":-215.95},"name":"14","parent":"root"},{"length":18,"parent":"root","transform":{"y":119.275,"skX":-88.6605,"skY":-88.6605,"x":115.75},"name":"le"},{"length":250,"parent":"root","transform":{"y":1.125,"skX":-89.9623,"skY":-89.9623},"name":"141"},{"transform":{"y":23.975,"x":98.6},"name":"13","parent":"root"},{"transform":{"y":3.625,"x":143.425},"name":"11","parent":"root"},{"transform":{"y":-55.625,"x":170.15},"name":"10","parent":"root"},{"transform":{"y":-62.675,"x":112.9},"name":"9","parent":"root"},{"transform":{"y":83.175,"x":184.4},"name":"12","parent":"root"},{"transform":{"y":47.775,"x":-118.825},"name":"4","parent":"root"},{"transform":{"y":68.65,"x":-206.425},"name":"5","parent":"root"},{"transform":{"y":9.675,"x":-115.575},"name":"3","parent":"root"},{"transform":{"y":-0.875,"x":-110},"name":"2","parent":"root"},{"transform":{"y":-14.425,"x":-140.55},"name":"7","parent":"root"},{"transform":{"y":-69.525,"x":-132.8},"name":"8","parent":"root"},{"transform":{"y":-10.55,"x":-174.35},"name":"6","parent":"root"},{"transform":{"y":24.3,"x":97.175},"name":"1","parent":"root"}],"name":"armatureName","animation":[{"slot":[],"ffd":[],"duration":120,"frame":[],"name":"newAnimation","playTimes":0,"bone":[{"frame":[{"duration":120,"transform":{}}],"name":"root"},{"frame":[{"duration":10,"transform":{"scX":0.01,"scY":0.01},"curve":[0,0,0.5,1]},{"duration":10,"transform":{"scX":0.01,"scY":0.01},"curve":[0,0,0.5,1]},{"duration":5,"transform":{"scX":1.2,"scY":1.2},"curve":[0,0,0.5,1]},{"duration":5,"transform":{"scX":0.8,"scY":0.8},"curve":[0,0,0.5,1]},{"duration":5,"transform":{},"curve":[0,0,0.5,1]},{"duration":5,"transform":{"scX":0.9,"scY":0.9},"curve":[0,0,0.5,1]},{"duration":80,"transform":{}}],"name":"星1"},{"frame":[{"duration":15,"transform":{"scX":0.01,"scY":0.01},"curve":[0,0,0.5,1]},{"duration":10,"transform":{"scX":0.01,"scY":0.01},"curve":[0,0,0.5,1]},{"duration":5,"transform":{"scX":1.2,"scY":1.2},"curve":[0,0,0.5,1]},{"duration":5,"transform":{"scX":0.8,"scY":0.8},"curve":[0,0,0.5,1]},{"duration":5,"transform":{},"curve":[0,0,0.5,1]},{"duration":5,"transform":{"scX":0.9,"scY":0.9},"curve":[0,0,0.5,1]},{"duration":75,"transform":{}}],"name":"星2"},{"frame":[{"duration":20,"transform":{"scX":0.01,"scY":0.01},"curve":[0,0,0.5,1]},{"duration":10,"transform":{"scX":0.01,"scY":0.01},"curve":[0,0,0.5,1]},{"duration":5,"transform":{"scX":1.2,"scY":1.2},"curve":[0,0,0.5,1]},{"duration":5,"transform":{"scX":0.8,"scY":0.8},"curve":[0,0,0.5,1]},{"duration":5,"transform":{},"curve":[0,0,0.5,1]},{"duration":5,"transform":{"scX":0.9,"scY":0.9},"curve":[0,0,0.5,1]},{"duration":70,"transform":{}}],"name":"星3"},{"frame":[{"duration":5,"transform":{"scX":0.01,"scY":0.01},"curve":[0,0,0.5,1]},{"duration":10,"transform":{"scX":0.01,"scY":0.01},"curve":[0,0,0.5,1]},{"duration":5,"transform":{"scX":1.2,"scY":1.2},"curve":[0,0,0.5,1]},{"duration":5,"transform":{"scX":0.8,"scY":0.8},"curve":[0,0,0.5,1]},{"duration":5,"transform":{},"curve":[0,0,0.5,1]},{"duration":5,"transform":{"scX":0.9,"scY":0.9},"curve":[0,0,0.5,1]},{"duration":85,"transform":{}}],"name":"五角星（合并）"},{"frame":[{"duration":20,"tweenEasing":0,"transform":{"scX":0.01,"scY":0.01}},{"duration":10,"tweenEasing":0,"transform":{"scX":0.01,"scY":0.01}},{"duration":10,"tweenEasing":0,"transform":{}},{"duration":10,"tweenEasing":0,"transform":{"scX":0.01,"scY":0.01}},{"duration":10,"tweenEasing":0,"transform":{}},{"duration":10,"tweenEasing":0,"transform":{"scX":0.01,"scY":0.01}},{"duration":10,"tweenEasing":0,"transform":{}},{"duration":10,"tweenEasing":0,"transform":{"scX":0.01,"scY":0.01}},{"duration":10,"tweenEasing":0,"transform":{}},{"duration":10,"tweenEasing":0,"transform":{"scX":0.01,"scY":0.01}},{"duration":10,"tweenEasing":0,"transform":{}},{"duration":0,"transform":{"scX":0.01,"scY":0.01}}],"name":"椭圆_26_拷贝_5"},{"frame":[{"duration":20,"tweenEasing":0,"transform":{"scX":0.01,"scY":0.01}},{"duration":10,"tweenEasing":0,"transform":{"scX":0.01,"scY":0.01}},{"duration":10,"tweenEasing":0,"transform":{}},{"duration":10,"tweenEasing":0,"transform":{"scX":0.01,"scY":0.01}},{"duration":10,"tweenEasing":0,"transform":{}},{"duration":10,"tweenEasing":0,"transform":{"scX":0.01,"scY":0.01}},{"duration":10,"tweenEasing":0,"transform":{}},{"duration":10,"tweenEasing":0,"transform":{"scX":0.01,"scY":0.01}},{"duration":10,"tweenEasing":0,"transform":{}},{"duration":10,"tweenEasing":0,"transform":{"scX":0.01,"scY":0.01}},{"duration":10,"tweenEasing":0,"transform":{}},{"duration":0,"transform":{"scX":0.01,"scY":0.01}}],"name":"椭圆_26_拷贝_4"},{"frame":[{"duration":20,"tweenEasing":0,"transform":{"scX":0.01,"scY":0.01}},{"duration":5,"tweenEasing":0,"transform":{"scX":0.01,"scY":0.01}},{"duration":5,"tweenEasing":0,"transform":{"scX":0.6088,"scY":0.6088}},{"duration":10,"tweenEasing":0,"transform":{}},{"duration":10,"tweenEasing":0,"transform":{"scX":0.01,"scY":0.01}},{"duration":10,"tweenEasing":0,"transform":{}},{"duration":10,"tweenEasing":0,"transform":{"scX":0.01,"scY":0.01}},{"duration":10,"tweenEasing":0,"transform":{}},{"duration":10,"tweenEasing":0,"transform":{"scX":0.01,"scY":0.01}},{"duration":10,"tweenEasing":0,"transform":{}},{"duration":10,"tweenEasing":0,"transform":{"scX":0.01,"scY":0.01}},{"duration":10,"tweenEasing":0,"transform":{}},{"duration":0,"transform":{}}],"name":"椭圆_26_拷贝_3"},{"frame":[{"duration":29,"transform":{"scX":0.01,"scY":0.01},"curve":[0,0,0.5,1]},{"duration":7,"transform":{"scX":0.01,"scY":0.01},"curve":[0,0,0.5,1]},{"duration":5,"transform":{"scX":1.2,"scY":1.2},"curve":[0,0,0.5,1]},{"duration":3,"transform":{"scX":0.8,"scY":0.8},"curve":[0,0,0.5,1]},{"duration":4,"transform":{},"curve":[0,0,0.5,1]},{"duration":4,"transform":{"scX":0.9,"scY":0.9},"curve":[0,0,0.5,1]},{"duration":68,"transform":{}}],"name":"ni"},{"frame":[{"duration":34,"transform":{"scX":0.01,"scY":0.01},"curve":[0,0,0.5,1]},{"duration":7,"transform":{"scX":0.01,"scY":0.01},"curve":[0,0,0.5,1]},{"duration":5,"transform":{"scX":1.2,"scY":1.2},"curve":[0,0,0.5,1]},{"duration":3,"transform":{"scX":0.8,"scY":0.8},"curve":[0,0,0.5,1]},{"duration":4,"transform":{},"curve":[0,0,0.5,1]},{"duration":4,"transform":{"scX":0.9,"scY":0.9},"curve":[0,0,0.5,1]},{"duration":63,"transform":{}}],"name":"tai"},{"frame":[{"duration":39,"transform":{"scX":0.01,"scY":0.01},"curve":[0,0,0.5,1]},{"duration":7,"transform":{"scX":0.01,"scY":0.01},"curve":[0,0,0.5,1]},{"duration":5,"transform":{"scX":1.2,"scY":1.2},"curve":[0,0,0.5,1]},{"duration":3,"transform":{"scX":0.8,"scY":0.8},"curve":[0,0,0.5,1]},{"duration":4,"transform":{},"curve":[0,0,0.5,1]},{"duration":4,"transform":{"scX":0.9,"scY":0.9},"curve":[0,0,0.5,1]},{"duration":58,"transform":{}}],"name":"lihai"},{"frame":[{"duration":44,"transform":{"scX":0.01,"scY":0.01},"curve":[0,0,0.5,1]},{"duration":7,"transform":{"scX":0.01,"scY":0.01},"curve":[0,0,0.5,1]},{"duration":5,"transform":{"scX":1.2,"scY":1.2},"curve":[0,0,0.5,1]},{"duration":3,"transform":{"scX":0.8,"scY":0.8},"curve":[0,0,0.5,1]},{"duration":4,"transform":{},"curve":[0,0,0.5,1]},{"duration":4,"transform":{"scX":0.9,"scY":0.9},"curve":[0,0,0.5,1]},{"duration":53,"transform":{}}],"name":"hai"},{"frame":[{"duration":49,"transform":{"scX":0.01,"scY":0.01},"curve":[0,0,0.5,1]},{"duration":7,"transform":{"scX":0.01,"scY":0.01},"curve":[0,0,0.5,1]},{"duration":5,"transform":{"scX":1.2,"scY":1.2},"curve":[0,0,0.5,1]},{"duration":3,"transform":{"scX":0.8,"scY":0.8},"curve":[0,0,0.5,1]},{"duration":4,"transform":{},"curve":[0,0,0.5,1]},{"duration":4,"transform":{"scX":0.9,"scY":0.9},"curve":[0,0,0.5,1]},{"duration":48,"transform":{}}],"name":"le"},{"frame":[{"duration":120,"transform":{}}],"name":"14"},{"frame":[{"duration":10,"transform":{"scX":0.01,"scY":0.01},"curve":[0,0,0.5,1]},{"duration":10,"transform":{"scX":0.01,"scY":0.01},"curve":[0,0,0.5,1]},{"duration":5,"transform":{"scX":1.2,"scY":1.2},"curve":[0,0,0.5,1]},{"duration":5,"transform":{"scX":0.8,"scY":0.8},"curve":[0,0,0.5,1]},{"duration":5,"transform":{},"curve":[0,0,0.5,1]},{"duration":5,"transform":{"scX":0.9,"scY":0.9},"curve":[0,0,0.5,1]},{"duration":80,"transform":{}}],"name":"矩形_854"},{"frame":[{"duration":10,"tweenEasing":0,"transform":{"scX":0.01,"scY":0.01,"skX":89.9623,"skY":89.9623}},{"duration":5,"transform":{"scX":1.2,"scY":1.2,"skX":104.9623,"skY":104.9623},"curve":[0,0,0.5,1]},{"duration":5,"transform":{"scX":0.8,"scY":0.8,"skX":112.4623,"skY":112.4623},"curve":[0,0,0.5,1]},{"duration":5,"transform":{"skX":119.9623,"skY":119.9623},"curve":[0,0,0.5,1]},{"duration":5,"transform":{"scX":0.9,"scY":0.9,"skX":127.4623,"skY":127.4623},"curve":[0,0,0.5,1]},{"duration":90,"transform":{"skX":134.9623,"skY":134.9623}},{"duration":0,"transform":{"skX":269.9623,"skY":269.9623}}],"name":"141"},{"frame":[{"duration":45,"transform":{"scX":0.01,"y":-23.975,"scY":0.01,"x":-98.6},"curve":[0,0,0.5,1]},{"duration":75,"tweenEasing":0,"transform":{"y":-10.06765,"x":14.1544}},{"duration":0,"transform":{"scX":0.01,"scY":0.01,"x":95.77835}}],"name":"13"},{"frame":[{"duration":45,"transform":{"scX":0.01,"y":-3.625,"scY":0.01,"x":-143.425},"curve":[0,0,0.5,1]},{"duration":75,"tweenEasing":0,"transform":{"y":-1.5222,"x":-1.2318}},{"duration":0,"transform":{"scX":0.01,"scY":0.01,"x":101.7032}}],"name":"11"},{"frame":[{"duration":45,"transform":{"scX":0.01,"y":55.625,"scY":0.01,"x":-170.15},"curve":[0,0,0.5,1]},{"duration":75,"tweenEasing":0,"transform":{"y":23.3582,"x":-49.4687}},{"duration":0,"transform":{"scX":0.01,"scY":0.01,"x":37.8936}}],"name":"10"},{"frame":[{"duration":45,"transform":{"scX":0.01,"y":62.675,"scY":0.01,"x":-112.9},"curve":[0,0,0.5,1]},{"duration":75,"tweenEasing":0,"transform":{"y":-3.57475,"x":-39.2498}},{"duration":0,"transform":{"scX":0.01,"y":-51.5336,"scY":0.01,"x":14.06625}}],"name":"9"},{"frame":[{"duration":45,"transform":{"scX":0.01,"y":-83.175,"scY":0.01,"x":-184.4},"curve":[0,0,0.5,1]},{"duration":75,"tweenEasing":0,"transform":{"y":-34.9271,"x":-77.4338}},{"duration":0,"transform":{"scX":0.01,"scY":0.01}}],"name":"12"},{"frame":[{"duration":45,"transform":{"scX":0.01,"y":-47.775,"scY":0.01,"x":118.825},"curve":[0,0,0.5,1]},{"duration":75,"tweenEasing":0,"transform":{"y":-23.0289,"x":31.35305}},{"duration":0,"transform":{"scX":0.01,"y":-5.115,"scY":0.01,"x":-31.96875}}],"name":"4"},{"frame":[{"duration":45,"transform":{"scX":0.01,"y":-68.65,"scY":0.01,"x":206.425},"curve":[0,0,0.5,1]},{"duration":75,"tweenEasing":0,"transform":{"y":-28.8277,"x":86.6826}},{"duration":0,"transform":{"scX":0.01,"scY":0.01}}],"name":"5"},{"frame":[{"duration":45,"transform":{"scX":0.01,"y":-9.675,"scY":0.01,"x":115.575},"curve":[0,0,0.5,1]},{"duration":75,"tweenEasing":0,"transform":{"y":30.9242,"x":24.7959}},{"duration":0,"transform":{"scX":0.01,"y":60.31435,"scY":0.01,"x":-40.92}}],"name":"3"},{"frame":[{"duration":45,"transform":{"scX":0.01,"y":0.875,"scY":0.01,"x":110},"curve":[0,0,0.5,1]},{"duration":75,"tweenEasing":0,"transform":{"y":10.5297,"x":13.8008}},{"duration":0,"transform":{"scX":0.01,"y":17.51885,"scY":0.01,"x":-55.8387}}],"name":"2"},{"frame":[{"duration":45,"transform":{"scX":0.01,"y":14.425,"scY":0.01,"x":140.55},"curve":[0,0,0.5,1]},{"duration":75,"tweenEasing":0,"transform":{"y":-15.4293,"x":30.3383}},{"duration":0,"transform":{"scX":0.01,"y":-37.0411,"scY":0.01,"x":-49.445}}],"name":"7"},{"frame":[{"duration":45,"transform":{"scX":0.01,"y":69.525,"scY":0.01,"x":132.8},"curve":[0,0,0.5,1]},{"duration":75,"tweenEasing":0,"transform":{"y":3.2331,"x":36.1088}},{"duration":0,"transform":{"scX":0.01,"y":-44.75625,"scY":0.01,"x":-33.88685}}],"name":"8"},{"frame":[{"duration":45,"transform":{"scX":0.01,"y":10.55,"scY":0.01,"x":174.35},"curve":[0,0,0.5,1]},{"duration":75,"tweenEasing":0,"transform":{"y":4.67745,"x":37.6085}},{"duration":0,"transform":{"scX":0.01,"y":0.42625,"scY":0.01,"x":-61.37995}}],"name":"6"},{"frame":[{"duration":45,"transform":{"scX":0.01,"y":-24.3,"scY":0.01,"x":-97.175},"curve":[0,0,0.5,1]},{"duration":75,"tweenEasing":0,"transform":{"y":7.54545,"x":-9.4661}},{"duration":0,"transform":{"scX":0.01,"y":30.59865,"scY":0.01,"x":54.02715}}],"name":"1"}]}]}],"name":"sankexing1"}