{"height":1024,"imagePath":"sankexing1_tex.png","name":"sankexing1","SubTexture":[{"x":2,"y":2,"width":618,"name":"14","height":615},{"x":44,"y":938,"width":14,"name":"13","height":15},{"x":399,"y":816,"width":14,"name":"12","height":14},{"x":622,"y":498,"width":15,"name":"11","height":15},{"x":103,"y":872,"width":15,"name":"10","height":14},{"x":844,"y":109,"width":15,"name":"9","height":15},{"x":780,"y":174,"width":15,"name":"8","height":15},{"x":67,"y":910,"width":15,"name":"7","height":14},{"x":558,"y":619,"width":15,"name":"6","height":15},{"x":494,"y":685,"width":15,"name":"5","height":15},{"x":335,"y":846,"width":15,"name":"4","height":15},{"x":994,"y":2,"width":15,"name":"3","height":15},{"x":2,"y":982,"width":14,"name":"2","height":15},{"x":682,"y":433,"width":14,"name":"1","height":16},{"x":2,"y":619,"width":331,"name":"五角星（合并）","height":251},{"x":622,"y":109,"width":156,"name":"星3","height":160},{"x":622,"y":271,"width":156,"name":"星2","height":160},{"x":335,"y":619,"width":157,"name":"星1","height":159},{"x":2,"y":938,"width":40,"name":"椭圆_26_拷贝_3","height":42},{"x":67,"y":872,"width":34,"name":"椭圆_26_拷贝_5","height":36},{"x":399,"y":780,"width":34,"name":"椭圆_26_拷贝_4","height":34},{"x":622,"y":2,"width":370,"name":"矩形_854","height":105},{"x":622,"y":433,"width":58,"name":"le","height":63},{"x":335,"y":780,"width":62,"name":"hai","height":64},{"x":780,"y":109,"width":62,"name":"lihai","height":63},{"x":2,"y":872,"width":63,"name":"tai","height":64},{"x":494,"y":619,"width":62,"name":"ni","height":64}],"width":1024}